shifts,shifts_latency,shifts_energy,detects,detects_latency,detects_energy,inserts,inserts_latency,inserts_energy,removes,removes_latency,removes_energy,total_latency,total_energy
4682474823352320,2341237.41167616,93649496467046400,2341237411676160,234123.741167616,4682474823352320,0,0.0,0,0,0.0,0,2575361.152843776,98331971290398720
