shifts,shifts_latency,shifts_energy,detects,detects_latency,detects_energy,inserts,inserts_latency,inserts_energy,removes,removes_latency,removes_energy,total_latency,total_energy
1560825116098560,780412.5580492801,31216502321971200,1560825022775296,156082.5022775296,3121650045550592,0,0.0,0,0,0.0,0,936495.0603268096,34338152367521792
