shifts,shifts_latency,shifts_energy,detects,detects_latency,detects_energy,inserts,inserts_latency,inserts_energy,removes,removes_latency,removes_energy,total_latency,total_energy
477815111680,238.90755584000001,9556302233600,0,0.0,0,119453777920,119.45377792000001,23890755584000,119453777920,95.563022336,2389075558400,453.924356096,35836133376000
