shifts,shifts_latency,shifts_energy,detects,detects_latency,detects_energy,inserts,inserts_latency,inserts_energy,removes,removes_latency,removes_energy,total_latency,total_energy
3121650045550592,1560825.0227752961,62433000911011840,1560825022775296,156082.5022775296,3121650045550592,0,0.0,0,0,0.0,0,1716907.5250528257,65554650956562432
