shifts,shifts_latency,shifts_energy,detects,detects_latency,detects_energy,inserts,inserts_latency,inserts_energy,removes,removes_latency,removes_energy,total_latency,total_energy
4577730010111,2288.8650050555,91554600202220,2102434975744,210.2434975744,4204869951488,74601600519,74.601600519,14920320103800,241457872639,193.1662981112,4829157452780,2766.8764012601,115508947710288
