shifts,shifts_latency,shifts_energy,detects,detects_latency,detects_energy,inserts,inserts_latency,inserts_energy,removes,removes_latency,removes_energy,total_latency,total_energy
4578845028437,2289.4225142185,91576900568740,2102434975744,210.2434975744,4204869951488,75284124902,75.284124902,15056824980400,242572890965,194.058312772,4851457819300,2769.0084494669,115690053319928
