shifts,shifts_latency,shifts_energy,detects,detects_latency,detects_energy,inserts,inserts_latency,inserts_energy,removes,removes_latency,removes_energy,total_latency,total_energy
3126227775560703,1563113.8877803516,62524555511214060,1562927457751040,156292.745775104,3125854915502080,74601600519,74.601600519,14920320103800,241457872639,193.1662981112,4829157452780,1719674.4014540857,65670159904272720
