shifts,shifts_latency,shifts_energy,detects,detects_latency,detects_energy,inserts,inserts_latency,inserts_energy,removes,removes_latency,removes_energy,total_latency,total_energy
1565161388236032,782580.694118016,31303227764720640,1562927457751040,156292.745775104,3125854915502080,0,0.0,0,0,0.0,0,938873.4398931201,34429082680222720
